Series ID;FXRUSD;FXRTWI;FXRCR;FXRJY;FXREUR;FXRSKW;FXRUKPS;FXRSD;FXRIRE;FXRTB;FXRNZD;FXRNTD;FXRMR;FXRIR;FXRVD;FXRHKD;FXRCD;FXRSF;FXRSDR
31/12/2021;0.7256;61.1;4.625;83.52;0.6411;862.67;0.5376;0.9799;53.9;24.24;1.0628;20.08;3.0301;10359;16536;5.6584;0.9245;0.6632;0.5184
04/01/2022;0.7211;60.8;4.5949;83.5;0.6381;860.89;0.5353;0.9769;53.78;24.03;1.0617;19.89;3.0149;10317;16419;5.6218;0.918;0.6621;0.5147
05/01/2022;0.7232;61;4.6083;83.93;0.6406;866.86;0.5347;0.9809;53.88;24.01;1.0631;19.98;3.0309;10385;16449;5.636;0.9196;0.6628;0.5178
06/01/2022;0.7177;60.6;4.5767;83.17;0.6344;860.85;0.5306;0.9756;53.39;23.99;1.0617;19.83;3.0167;10333;16332;5.5969;0.9181;0.6588;0.5129
07/01/2022;0.7162;60.5;4.5664;83.02;0.6337;861.08;0.5287;0.9737;53.2;24.05;1.0606;19.82;3.0102;10282;16281;5.5861;0.9104;0.6599;0.5122
10/01/2022;0.7193;60.7;4.5848;83.3;0.6346;863.38;0.5295;0.975;53.32;24.23;1.0625;19.93;3.022;10303;16317;5.6085;0.9095;0.6619;0.5144
11/01/2022;0.7186;60.5;4.5778;82.82;0.6336;858.26;0.5287;0.9731;53.12;24.09;1.0614;19.9;3.0138;10272;16323;5.6034;0.9093;0.6657;0.5133
12/01/2022;0.7218;60.7;4.5946;83.29;0.6347;858.68;0.5293;0.9751;53.36;24.11;1.063;19.97;3.0189;10322;16388;5.6276;0.9061;0.6665;0.5154
13/01/2022;0.7291;61.2;4.6381;83.53;0.6372;866.1;0.5316;0.9814;53.91;24.22;1.0628;20.16;3.0473;10432;16545;5.6807;0.9111;0.6668;0.5201
14/01/2022;0.7283;61;4.6311;82.84;0.6347;864.32;0.5305;0.9796;53.95;24.2;1.0617;20.12;3.0441;10427;16540;5.6719;0.9104;0.663;0.5175
17/01/2022;0.7207;60.5;4.5741;82.46;0.6311;859.51;0.5269;0.9719;53.47;23.98;1.0595;19.86;3.015;10320;16371;5.6119;0.9038;0.6589;0.5119
18/01/2022;0.7195;60.4;4.5648;82.64;0.631;855.9;0.5275;0.9699;53.51;23.77;1.0614;19.83;3.0095;10311;16390;5.6066;0.9007;0.6583;0.5111
19/01/2022;0.7188;60.4;4.5653;82.21;0.6344;856.46;0.5283;0.9706;53.67;23.86;1.0597;19.87;3.0132;10328;16338;5.6007;0.8986;0.6586;0.5121
20/01/2022;0.7238;60.8;4.5914;82.83;0.6377;861.63;0.5312;0.975;53.8;23.86;1.0698;20.01;3.0298;10392;16407;5.6383;0.9044;0.6626;0.5161
21/01/2022;0.7192;60.4;4.5616;81.83;0.6351;859.04;0.5291;0.9682;53.59;23.78;1.0686;19.93;3.0102;10320;16279;5.6011;0.9009;0.6585;0.5129
24/01/2022;0.718;60.3;4.547;81.79;0.6338;857.16;0.5296;0.9654;53.5;23.74;1.0685;19.89;3.0048;10285;16259;5.5909;0.9017;0.6561;0.5121
25/01/2022;0.7133;59.9;4.5148;81.12;0.6306;855.37;0.5294;0.9585;53.28;23.6;1.0691;19.77;2.9873;10243;16163;5.553;0.9026;0.653;0.5092
27/01/2022;0.7082;59.8;4.4949;81.2;0.631;851.89;0.5271;0.9566;53.28;23.51;1.0719;19.71;2.9759;10186;16039;5.517;0.9001;0.6547;0.5059
28/01/2022;0.7028;59.4;4.4676;81.11;0.6303;848.01;0.5242;0.9509;52.75;23.37;1.0686;19.55;2.944;10096;15918;5.4754;0.8949;0.6538;0.5049
31/01/2022;0.7011;59.3;4.4598;80.97;0.6281;845.46;0.5226;0.9507;52.56;23.45;1.0683;19.5;2.9369;10094;15889;5.4672;0.893;0.6529;0.5041
01/02/2022;0.7066;59.7;4.4948;81.21;0.6284;852.09;0.5252;0.9541;52.64;23.49;1.0724;19.66;2.9575;10163;16014;5.5098;0.8973;0.6538;0.5077
02/02/2022;0.7134;60.2;4.5381;81.87;0.6327;860.29;0.5277;0.9624;53.33;23.71;1.0759;19.85;2.9859;10228;16168;5.5605;0.9054;0.6571;0.5103
03/02/2022;0.712;60;4.5292;81.53;0.6303;858.69;0.5253;0.9598;53.3;23.61;1.0754;19.81;2.9772;10238;16136;5.5503;0.9031;0.6549;0.5083
04/02/2022;0.715;60.1;4.5483;82.14;0.6236;857.29;0.5255;0.9602;53.46;23.58;1.0705;19.89;2.9873;10278;16204;5.5717;0.9056;0.6576;0.511
07/02/2022;0.7092;59.7;4.509;81.76;0.62;850.91;0.5242;0.9546;52.97;23.38;1.071;19.74;2.9684;10215;16075;5.5262;0.9029;0.6563;0.5042
08/02/2022;0.7121;60;4.5292;82.18;0.6233;852.75;0.5265;0.9571;53.13;23.49;1.0723;19.81;2.9812;10242;16170;5.5514;0.9038;0.6585;0.5069
09/02/2022;0.7167;60.4;4.5592;82.76;0.6271;857.3;0.5286;0.9632;53.58;23.59;1.0758;19.95;2.9994;10298;16275;5.5859;0.9097;0.6627;0.5106
10/02/2022;0.7175;60.4;4.5624;82.97;0.628;858.12;0.5303;0.9635;53.78;23.48;1.0741;19.98;3.0027;10298;16284;5.5921;0.9093;0.6632;0.511
11/02/2022;0.712;60.1;4.532;82.69;0.6256;854.29;0.5264;0.9581;53.64;23.33;1.0733;19.85;2.9829;10224;16150;5.5556;0.9077;0.6604;0.5072
14/02/2022;0.7118;60;4.5268;82.22;0.6274;853.27;0.5256;0.9588;53.79;23.23;1.0751;19.84;2.9839;10209;16186;5.5523;0.9063;0.6593;0.5076
15/02/2022;0.7127;60.1;4.5286;82.25;0.6297;854.19;0.5264;0.9599;53.94;23.06;1.0758;19.87;2.9832;10189;16214;5.5608;0.9082;0.6585;0.5094
16/02/2022;0.7155;60.2;4.5357;82.77;0.6305;856.47;0.5282;0.9626;53.8;23.2;1.0776;19.94;2.9972;10220;16274;5.5815;0.91;0.6622;0.5108
17/02/2022;0.7172;60.3;4.5436;82.67;0.6323;859.38;0.5284;0.9646;53.88;23.14;1.0748;20;3.0018;10265;16341;5.5947;0.9125;0.6613;0.5113
18/02/2022;0.7206;60.6;4.5646;83.01;0.6341;861.48;0.5295;0.9681;54.04;23.17;1.0739;20.09;3.0154;10333;16455;5.6202;0.9148;0.6639;0.5136
21/02/2022;0.7215;60.6;4.5653;82.97;0.635;860.84;0.5297;0.9703;53.69;23.18;1.0737;20.08;3.0202;10335;16457;5.6278;0.9183;0.6637;0.5141
22/02/2022;0.7202;60.6;4.5659;82.6;0.6374;860.75;0.53;0.9708;53.89;23.36;1.0733;20.07;3.0137;10343;16421;5.6189;0.9189;0.6598;0.5132
23/02/2022;0.7235;60.8;4.5781;83.23;0.6389;862.52;0.5321;0.973;54.05;23.48;1.0693;20.17;3.0278;10385;16518;5.6455;0.9223;0.6661;0.516
24/02/2022;0.7198;60.5;4.5476;82.53;0.6398;864.41;0.5328;0.9732;54.01;23.34;1.0692;20.16;3.0212;10349;16432;5.6198;0.9198;0.6614;0.5133
25/02/2022;0.7198;60.6;4.5481;82.91;0.6414;866.04;0.5359;0.9731;54.16;23.39;1.0718;20.16;3.0217;10338;16432;5.6203;0.9199;0.6644;0.5163
28/02/2022;0.7182;60.6;4.5329;83.01;0.6444;866.16;0.5382;0.9765;54.33;23.51;1.0747;20.12;3.0182;10318;16389;5.6104;0.9198;0.6653;0.5151
01/03/2022;0.726;61.1;4.5823;83.59;0.6484;872.77;0.5413;0.9844;54.7;23.68;1.0738;20.37;3.0456;10416;16564;5.6739;0.92;0.6667;0.5205
02/03/2022;0.7269;61.3;4.5882;83.62;0.6535;876.07;0.546;0.9871;54.99;23.74;1.0734;20.38;3.0479;10443;16595;5.6813;0.9246;0.6682;0.5212
03/03/2022;0.7301;61.6;4.6132;84.45;0.6579;878.97;0.5447;0.9905;55.24;23.75;1.0773;20.49;3.0595;10502;16672;5.7051;0.9225;0.6721;0.525
04/03/2022;0.7359;62.1;4.6505;84.95;0.6668;891.69;0.5515;0.9994;55.94;23.99;1.0789;20.69;3.0792;10583;16808;5.7515;0.934;0.676;0.5295
07/03/2022;0.7419;62.8;4.6909;85.24;0.6819;910.42;0.5614;1.0108;57.02;24.38;1.0748;20.99;3.1;10692;16952;5.7982;0.943;0.6825;0.5356
08/03/2022;0.7309;62;4.6147;84.38;0.6725;903.28;0.5569;0.9962;56.11;24.19;1.072;20.71;3.0559;10517;16700;5.7156;0.9364;0.6764;0.5296
09/03/2022;0.7285;61.8;4.6024;84.37;0.6672;901.45;0.5553;0.9935;55.96;24.19;1.0691;20.67;3.047;10474;16639;5.696;0.9379;0.6765;0.5277
10/03/2022;0.7321;62;4.627;85.03;0.6622;900.28;0.5558;0.9942;55.81;24.21;1.0714;20.76;3.0638;10470;16723;5.7249;0.9378;0.6794;0.5292
11/03/2022;0.7336;62.2;4.6399;85.51;0.6668;905.23;0.5606;0.9975;56.03;24.38;1.0717;20.82;3.0753;10499;16774;5.7416;0.9378;0.6824;0.5293
14/03/2022;0.7258;61.8;4.6101;85.39;0.6649;899.93;0.5573;0.9908;55.52;24.26;1.0685;20.69;3.0518;10404;16617;5.6825;0.9267;0.679;0.5247
15/03/2022;0.7186;61.3;4.5813;85.06;0.6543;891.85;0.551;0.9814;54.89;24.07;1.0659;20.54;3.0239;10285;16450;5.6245;0.9215;0.6751;0.5215
16/03/2022;0.7207;61.4;4.5842;85.22;0.6571;894.43;0.5523;0.9833;55.09;24.14;1.0645;20.63;3.0268;10316;16488;5.6388;0.9193;0.6775;0.5225
17/03/2022;0.7318;62.2;4.6447;86.89;0.6632;889.86;0.5562;0.9933;55.55;24.34;1.0689;20.83;3.0662;10460;16739;5.7225;0.9277;0.6877;0.5298
18/03/2022;0.738;62.7;4.6921;87.64;0.6662;895.46;0.561;1.0005;55.94;24.55;1.0721;20.92;3.1011;10581;16874;5.7717;0.9312;0.6911;0.5335
21/03/2022;0.7404;63;4.7125;88.29;0.6706;898.82;0.5629;1.0039;56.31;24.78;1.0724;21.1;3.113;10619;16926;5.7936;0.9333;0.691;0.536
22/03/2022;0.7394;63;4.7055;89.01;0.673;903.52;0.5629;1.0051;56.54;24.86;1.075;21.14;3.1162;10614;16912;5.7883;0.9307;0.6924;0.5351
23/03/2022;0.7459;63.5;4.7513;90.31;0.6764;903.99;0.5617;1.0118;56.75;25;1.0726;21.3;3.1477;10705;17066;5.8382;0.9385;0.6973;0.5406
24/03/2022;0.7473;63.7;4.7631;90.6;0.6802;910.92;0.5665;1.0147;57.05;25.1;1.0748;21.4;3.1581;10729;17087;5.8472;0.94;0.6966;0.5421
25/03/2022;0.7526;64.1;4.7871;91.41;0.6822;916.7;0.5692;1.0206;57.3;25.22;1.0784;21.55;3.1741;10792;17210;5.8881;0.9427;0.6977;0.5461
28/03/2022;0.7524;64.3;4.7969;92.58;0.6869;922.56;0.5723;1.024;57.43;25.4;1.0837;21.68;3.1699;10807;17207;5.8897;0.94;0.7027;0.5455
29/03/2022;0.7482;64;4.7657;92.31;0.681;912.54;0.5715;1.0186;56.83;25.26;1.0851;21.55;3.1593;10747;17112;5.857;0.9367;0.6987;0.5439
30/03/2022;0.7527;64.1;4.7868;91.75;0.6774;910.04;0.5745;1.0195;56.98;25.13;1.0813;21.49;3.1647;10804;17207;5.8914;0.9401;0.6988;0.5462
31/03/2022;0.7482;63.6;4.7506;91.45;0.6704;905.91;0.5704;1.0127;56.66;24.97;1.0759;21.41;3.1458;10743;17085;5.858;0.9367;0.692;0.5409
01/04/2022;0.7477;63.7;4.7491;91.66;0.6757;909.28;0.5694;1.0142;56.67;24.96;1.081;21.46;3.1478;10737;17077;5.8566;0.9343;0.6912;0.5409
04/04/2022;0.7514;64.1;4.7811;92.19;0.6799;912.88;0.5724;1.0195;56.78;25.17;1.083;21.57;3.1698;10793;17163;5.8877;0.9397;0.6959;0.5443
05/04/2022;0.7615;64.9;4.8453;93.28;0.6942;922.43;0.58;1.0328;57.43;25.43;1.0907;21.86;3.2067;10925;17409;5.9643;0.95;0.7051;0.553
06/04/2022;0.7572;64.8;4.8225;93.86;0.6958;922.83;0.5797;1.0305;57.27;25.31;1.0914;21.79;3.193;10876;17314;5.9351;0.947;0.7055;0.5503
07/04/2022;0.7483;64;4.76;92.53;0.6853;912.41;0.5718;1.0178;56.75;25.03;1.0851;21.55;3.1563;10745;17106;5.8654;0.9396;0.6977;0.5451
08/04/2022;0.7483;64;4.7579;92.76;0.6885;916.29;0.5724;1.0198;56.67;25.14;1.0864;21.61;3.1586;10746;17111;5.8646;0.9414;0.699;0.5454
11/04/2022;0.7448;63.9;4.7464;93.09;0.6838;918.26;0.572;1.017;56.5;25.05;1.0894;21.61;3.1479;10701;17030;5.839;0.9379;0.6966;0.5432
12/04/2022;0.7433;63.8;4.7331;93.28;0.6838;919.13;0.5707;1.0148;56.57;24.95;1.0873;21.64;3.146;10678;16999;5.8249;0.9395;0.6925;0.5422
13/04/2022;0.7451;64;4.7429;93.59;0.6872;913.62;0.5723;1.0159;56.76;25.01;1.0917;21.59;3.1507;10698;17057;5.8399;0.9398;0.6945;0.5443
14/04/2022;0.7458;63.9;4.7475;93.55;0.6837;912.75;0.5679;1.0078;56.82;25.04;1.0927;21.61;3.1532;10701;17071;5.8469;0.9364;0.6961;0.5456
19/04/2022;0.7373;63.6;4.6986;94.49;0.6843;911.83;0.5673;1.0062;56.25;24.87;1.0947;21.57;3.1376;10577;16909;5.7833;0.9274;0.6971;0.5399
20/04/2022;0.7426;64.1;4.7504;95.56;0.6866;916.41;0.57;1.0145;56.74;25.11;1.0972;21.72;3.1708;10654;17062;5.8243;0.9346;0.7061;0.5446
21/04/2022;0.7444;64.4;4.7955;95.44;0.6863;921.05;0.5703;1.015;56.77;25.18;1.0966;21.75;3.1912;10680;17091;5.8392;0.9292;0.7074;0.545
22/04/2022;0.7335;63.6;4.7439;93.82;0.6762;909.03;0.5631;0.9997;55.93;24.87;1.0958;21.45;3.1614;10532;16848;5.7542;0.9244;0.6991;0.5368
26/04/2022;0.722;63;4.7184;92.4;0.6728;901.76;0.566;0.9907;55.23;24.65;1.087;21.13;3.1403;10404;16590;5.6654;0.9165;0.6919;0.5335
27/04/2022;0.7179;62.9;4.7033;91.7;0.674;906.71;0.57;0.9888;55.02;24.67;1.0909;21.11;3.129;10348;16494;5.6328;0.9183;0.6913;0.5305
28/04/2022;0.7096;62.6;4.6893;92.28;0.675;903.46;0.5667;0.9848;54.39;24.46;1.0927;20.98;3.096;10279;16295;5.5684;0.9112;0.6881;0.5262
29/04/2022;0.7148;63.1;4.7308;93.21;0.6782;900.93;0.571;0.9879;54.68;24.54;1.0973;21.04;3.1105;10362;16415;5.6091;0.9115;0.6939;0.5335
02/05/2022;0.7043;62.2;4.6544;91.85;0.67;892.89;0.5615;0.9771;53.85;24.12;1.0957;20.76;3.0664;10210;16176;5.527;0.9064;0.6866;0.5239
03/05/2022;0.7107;62.8;4.6967;92.5;0.6763;900.23;0.5678;0.9847;54.38;24.5;1.1048;20.99;3.0942;10303;16323;5.5777;0.9135;0.6953;0.5297
04/05/2022;0.711;62.8;4.6986;92.54;0.6762;898.75;0.5698;0.9833;54.41;24.54;1.1058;21;3.0956;10307;16335;5.5804;0.9125;0.6963;0.5307
05/05/2022;0.7241;63.7;4.7863;93.67;0.6823;916.67;0.5768;0.9953;55.1;24.71;1.1079;21.35;3.1404;10497;16625;5.6835;0.9216;0.7055;0.5397
06/05/2022;0.7095;63;4.7418;92.73;0.6743;903.24;0.5743;0.9841;54.43;24.4;1.106;21.08;3.1041;10286;16287;5.5694;0.9114;0.7006;0.5274
09/05/2022;0.7002;62.4;4.7063;91.73;0.6663;893.16;0.5701;0.9743;54.21;24.21;1.1035;20.87;3.0679;10186;16072;5.4964;0.9067;0.6957;0.522
10/05/2022;0.6975;62;4.6726;90.92;0.6594;888.93;0.5641;0.9685;53.88;24.12;1.1002;20.72;3.0561;10140;16003;5.4751;0.907;0.6916;0.5215
11/05/2022;0.6955;62;4.6801;90.67;0.6595;887.37;0.5638;0.9656;53.74;24.12;1.1033;20.66;3.0498;10116;16056;5.4596;0.9046;0.6917;0.5195
12/05/2022;0.6879;61.5;4.6587;89.16;0.6551;888.11;0.5635;0.9592;53.38;23.9;1.1022;20.56;3.0188;10033;15884;5.4;0.8963;0.6851;0.5137
13/05/2022;0.6898;61.8;4.6875;88.92;0.6636;885.91;0.5643;0.9622;53.37;23.98;1.1024;20.56;3.0299;10084;15927;5.4149;0.8967;0.6917;0.5175
16/05/2022;0.6889;61.7;4.6776;88.87;0.6623;885.6;0.5625;0.9614;53.35;23.96;1.1037;20.53;3.0303;10067;15903;5.4079;0.8927;0.6908;0.5176
17/05/2022;0.7007;62.5;4.7408;90.63;0.6707;893.1;0.5675;0.9732;54.42;24.27;1.1063;20.8;3.0789;10271;16204;5.5004;0.8983;0.7016;0.5257
18/05/2022;0.7034;62.6;4.7437;90.84;0.6675;891.13;0.5631;0.9751;54.54;24.33;1.1046;20.86;3.0911;10327;16272;5.5213;0.9012;0.6991;0.5253
19/05/2022;0.6996;62.4;4.7317;89.98;0.6671;892.15;0.5658;0.9714;54.35;24.24;1.104;20.83;3.0802;10297;16203;5.4905;0.8986;0.6899;0.5226
20/05/2022;0.704;62.3;4.7117;89.94;0.6647;892.66;0.5643;0.9701;54.57;24.19;1.0998;20.85;3.093;10317;16316;5.5247;0.9014;0.6826;0.5252
23/05/2022;0.7112;62.8;4.7341;90.88;0.671;900.07;0.5664;0.9781;55.21;24.37;1.0997;21.07;3.1207;10425;16475;5.5821;0.9098;0.6912;0.529
24/05/2022;0.7083;62.5;4.7246;90.39;0.6639;895.8;0.5634;0.9736;54.99;24.2;1.0995;20.97;3.1109;10378;16422;5.5597;0.907;0.6845;0.5248
25/05/2022;0.7107;62.7;4.7416;90.27;0.6637;897.79;0.5669;0.9763;55.08;24.31;1.0932;21.03;3.1217;10407;16492;5.5784;0.9119;0.6837;0.5265
26/05/2022;0.7066;62.6;4.7664;89.97;0.6623;896.54;0.5628;0.973;54.84;24.25;1.0953;20.85;3.1087;10340;16393;5.5467;0.9078;0.6806;0.5242
27/05/2022;0.7134;63;4.8076;90.5;0.6636;896.09;0.5644;0.9779;55.39;24.38;1.0953;20.92;3.1254;10398;16549;5.5998;0.9099;0.6839;0.5284
30/05/2022;0.7184;63.1;4.777;91.26;0.6681;890.71;0.5683;0.9816;55.7;24.47;1.0968;20.88;3.1383;10448;16653;5.6384;0.9124;0.6873;0.5325
31/05/2022;0.7187;63.2;4.7873;91.91;0.6688;890.33;0.5699;0.9847;55.82;24.58;1.0996;20.81;3.145;10488;16663;5.6406;0.9104;0.69;0.5327
01/06/2022;0.7168;63.3;4.8001;92.63;0.6693;887.04;0.5697;0.9848;55.6;24.63;1.1045;20.92;3.146;10453;16633;5.6241;0.9079;0.6891;0.5311
02/06/2022;0.7157;63.3;4.789;93.06;0.6715;896.76;0.5734;0.9853;55.55;24.61;1.1058;21.03;3.1455;10380;16608;5.6157;0.9071;0.6895;0.5305
03/06/2022;0.7257;63.9;4.8334;94.22;0.6748;900.65;0.5772;0.9949;56.3;24.93;1.1068;21.32;3.1833;10472;16829;5.693;0.9121;0.6951;0.5383
06/06/2022;0.7201;63.5;4.7888;94.07;0.6712;894.65;0.5762;0.9896;55.93;24.76;1.1072;21.18;3.1604;10415;16701;5.6503;0.9057;0.6929;0.5332
07/06/2022;0.7177;63.6;4.7881;95.38;0.6723;904.22;0.5766;0.9898;55.78;24.75;1.1137;21.19;3.1564;10384;16643;5.6309;0.9055;0.6982;0.5317
08/06/2022;0.7202;63.8;4.8057;95.93;0.6738;904.18;0.5731;0.9902;55.97;24.83;1.1152;21.25;3.1638;10429;16702;5.6513;0.9033;0.7021;0.5355
09/06/2022;0.7176;63.7;4.7933;96.04;0.6695;900.08;0.5731;0.9869;55.82;24.76;1.1134;21.21;3.1524;10447;16640;5.6324;0.9019;0.7018;0.5333
10/06/2022;0.7121;63.3;4.7595;95.23;0.6696;902.24;0.5693;0.9831;55.41;24.67;1.1097;21.06;3.1332;10368;16501;5.5893;0.9036;0.6972;0.5289
14/06/2022;0.6966;62.5;4.6871;93.8;0.6673;897.17;0.5714;0.969;54.33;24.35;1.1076;20.68;3.0818;10253;16173;5.4683;0.8966;0.6935;0.5232
15/06/2022;0.6906;62;4.637;93.11;0.6599;892.06;0.5754;0.9606;53.89;24.22;1.1099;20.43;3.0514;10185;16037;5.4212;0.8951;0.6909;0.5195
16/06/2022;0.6999;62.7;4.6925;93.98;0.671;901.75;0.5765;0.9725;54.63;24.5;1.1145;20.84;3.0785;10322;16262;5.494;0.9036;0.6972;0.5256
17/06/2022;0.7012;62.7;4.6967;94.02;0.6666;902.89;0.5708;0.9716;54.75;24.7;1.106;20.86;3.0863;10383;16294;5.5044;0.9088;0.6799;0.5274
20/06/2022;0.6967;62.3;4.6547;94.08;0.6616;899.73;0.5692;0.9657;54.32;24.57;1.1005;20.72;3.0669;10336;16189;5.4691;0.9056;0.6732;0.5218
21/06/2022;0.696;62.3;4.6617;94;0.6617;899.57;0.5677;0.964;54.34;24.65;1.1;20.68;3.0603;10314;16168;5.4636;0.9009;0.6732;0.5212
22/06/2022;0.6917;62.1;4.6511;94.31;0.6595;896.93;0.5656;0.9606;54.09;24.54;1.1032;20.62;3.0449;10281;16077;5.4298;0.8972;0.67;0.5178
23/06/2022;0.6898;61.8;4.6253;93.5;0.6526;897.53;0.5625;0.9587;53.99;24.43;1.1003;20.56;3.0403;10228;16038;5.4144;0.8934;0.6628;0.5173
24/06/2022;0.6908;61.8;4.6244;93.02;0.6552;896.68;0.5627;0.9592;54.1;24.54;1.0965;20.52;3.0437;10257;16065;5.4222;0.8968;0.6635;0.5181
27/06/2022;0.693;61.9;4.6343;93.49;0.6563;890.08;0.5645;0.9601;54.25;24.54;1.097;20.51;3.0523;10255;16113;5.439;0.8929;0.6638;0.5187
28/06/2022;0.6928;62;4.6394;93.81;0.6554;891.2;0.5647;0.9599;54.49;24.5;1.1014;20.58;3.0476;10287;16106;5.4365;0.8907;0.6627;0.5179
29/06/2022;0.6898;61.8;4.6213;93.81;0.6568;893.11;0.5658;0.9576;54.43;24.2;1.104;20.47;3.0351;10241;16045;5.4124;0.8877;0.66;0.5162
30/06/2022;0.6889;61.8;4.6122;93.95;0.6589;895.12;0.5671;0.9584;54.37;24.32;1.1088;20.49;3.0353;10253;16041;5.4058;0.8885;0.6573;0.5169
01/07/2022;0.683;61.3;4.5826;92.2;0.6528;886.01;0.563;0.9513;54.02;24.29;1.1041;20.4;3.011;10220;15900;5.3604;0.8824;0.6527;0.5144
04/07/2022;0.6834;61.4;4.5739;92.48;0.655;887.15;0.5647;0.9545;54.01;24.36;1.0982;20.36;3.0152;10226;15964;5.3625;0.8799;0.6554;0.5138
05/07/2022;0.6873;61.7;4.5998;93.64;0.6581;893.27;0.5669;0.9593;54.35;24.53;1.1045;20.47;3.0358;10301;16062;5.393;0.8828;0.6601;0.5168
06/07/2022;0.6784;61.2;4.5509;91.73;0.662;887.13;0.5687;0.9534;53.82;24.46;1.1026;20.25;3.0009;10186;15854;5.3237;0.8857;0.6568;0.5127
07/07/2022;0.6822;61.5;4.5707;92.72;0.6675;884.98;0.571;0.9558;53.89;24.61;1.103;20.3;3.0194;10225;15948;5.3538;0.8875;0.661;0.5173
08/07/2022;0.6824;61.6;4.5762;92.58;0.6716;887.38;0.5682;0.9565;54.06;24.59;1.106;20.34;3.0203;10225;15937;5.356;0.8871;0.6645;0.5174
11/07/2022;0.6813;61.6;4.5725;93.37;0.6718;887.15;0.5687;0.9544;54.1;24.53;1.1048;20.32;3.0161;10198;15904;5.3477;0.8845;0.6669;0.5173
12/07/2022;0.672;61;4.5248;92.36;0.6713;883.45;0.5668;0.9456;53.52;24.43;1.1011;20.11;2.9817;10076;15713;5.2751;0.8757;0.6614;0.5111
13/07/2022;0.6771;61.4;4.5509;92.78;0.6745;884.04;0.569;0.9523;53.92;24.59;1.1055;20.24;3.0016;10148;15837;5.315;0.8812;0.6649;0.517
14/07/2022;0.6757;61.4;4.5476;93.54;0.6745;886;0.5701;0.9448;53.96;24.6;1.1044;20.19;3.0025;10132;15813;5.304;0.8781;0.6638;0.515
15/07/2022;0.673;61.3;4.5484;93.53;0.6716;891.77;0.5695;0.9448;53.74;24.7;1.099;20.16;2.9944;10092;15775;5.2831;0.883;0.6619;0.5147
18/07/2022;0.6802;61.8;4.589;94.06;0.6742;896.14;0.5719;0.9515;54.34;24.93;1.1053;20.35;3.0276;10196;15940;5.3396;0.8842;0.6638;0.5195
19/07/2022;0.6851;62.2;4.6231;94.54;0.6751;899.25;0.5726;0.9558;54.76;25.12;1.11;20.5;3.0531;10271;16055;5.378;0.8876;0.6687;0.5209
20/07/2022;0.6912;62.6;4.6675;95.44;0.6752;907.23;0.5749;0.9619;55.27;25.35;1.1052;20.68;3.0755;10357;16198;5.4259;0.8895;0.67;0.5236
21/07/2022;0.691;62.7;4.6713;95.5;0.6759;904.77;0.5762;0.962;55.23;25.4;1.1079;20.67;3.0788;10372;16176;5.4235;0.8888;0.6703;0.5249
22/07/2022;0.6906;62.7;4.6711;95.23;0.678;907.32;0.5775;0.9603;55.18;25.45;1.1106;20.66;3.0763;10374;16167;5.4209;0.8903;0.6688;0.5251
25/07/2022;0.6909;62.6;4.6677;94.18;0.6774;906.77;0.5771;0.9586;55.17;25.35;1.1088;20.66;3.078;10359;16164;5.4229;0.8937;0.6658;0.5252
26/07/2022;0.6961;63;4.7024;95.14;0.6814;911.68;0.5776;0.9649;55.53;25.51;1.112;20.84;3.1025;10439;16257;5.4636;0.893;0.6717;0.5274
27/07/2022;0.694;62.9;4.6917;95.02;0.684;911.64;0.5754;0.9638;55.42;25.54;1.1127;20.79;3.0949;10422;16221;5.4469;0.8922;0.6674;0.5274
28/07/2022;0.6996;63.1;4.7174;94.7;0.6845;910.04;0.5745;0.9668;55.79;25.75;1.1147;20.93;3.1143;10468;16348;5.4912;0.8967;0.6707;0.5313
29/07/2022;0.7007;63.1;4.7252;93.19;0.6862;911.25;0.5746;0.966;55.66;25.79;1.1098;20.98;3.1171;10405;16368;5.5004;0.8975;0.6668;0.532
02/08/2022;0.6956;62.6;4.7105;90.89;0.6774;909.15;0.5681;0.9587;54.72;25.09;1.1031;20.9;3.0999;10355;16244;5.4603;0.895;0.6612;0.5251
03/08/2022;0.6934;62.5;4.6801;92.38;0.6814;908.95;0.5698;0.9574;54.61;25.09;1.107;20.81;3.0905;10341;16205;5.4431;0.8913;0.663;0.5237
04/08/2022;0.6961;62.8;4.7005;93.33;0.6849;912.8;0.5732;0.9611;55.33;25.17;1.1065;20.9;3.1006;10391;16297;5.464;0.8943;0.6692;0.5269
05/08/2022;0.6968;62.7;4.7013;92.89;0.681;904.53;0.5737;0.9583;55.09;24.84;1.1064;20.88;3.1042;10382;16303;5.4697;0.8966;0.6666;0.5278
08/08/2022;0.6937;62.7;4.6911;93.8;0.6811;906.15;0.5744;0.9586;55.19;24.85;1.1113;20.85;3.0946;10352;16226;5.4455;0.8965;0.6666;0.5244
09/08/2022;0.6975;62.9;4.7093;94.17;0.6838;910.09;0.5768;0.9616;55.5;24.74;1.1108;20.93;3.1081;10363;16319;5.4752;0.8967;0.666;0.5287
10/08/2022;0.6956;62.8;4.6997;93.91;0.6812;911.55;0.5759;0.9592;55.29;24.68;1.1059;20.9;3.1003;10348;16267;5.4602;0.8961;0.6634;0.5267
11/08/2022;0.7075;63.6;4.768;94.2;0.6881;922.57;0.5802;0.9705;56.22;25.02;1.1055;21.21;3.147;10473;16545;5.5513;0.9044;0.6678;0.5355
12/08/2022;0.7122;63.9;4.7979;94.85;0.6905;927.09;0.5836;0.9754;56.73;25.06;1.1028;21.34;3.1611;10455;16662;5.5785;0.9081;0.6705;0.5364
15/08/2022;0.7083;63.8;4.791;94.35;0.6916;922.53;0.585;0.9729;56.42;25.14;1.1043;21.25;3.1548;10436;16571;5.55;0.9065;0.6675;0.5348
16/08/2022;0.7038;63.6;4.7774;93.82;0.6924;920.94;0.5843;0.9696;56.06;24.9;1.1061;21.11;3.1425;10384;16474;5.5184;0.9073;0.666;0.5331
17/08/2022;0.7024;63.4;4.7557;94.24;0.6898;919.43;0.5794;0.9683;55.71;24.86;1.1042;21.04;3.1366;10373;16438;5.5056;0.9012;0.6668;0.5338
18/08/2022;0.6927;62.8;4.7056;93.67;0.6814;914.57;0.5759;0.9588;55.18;24.67;1.1043;20.79;3.0984;10277;16211;5.4337;0.8955;0.6597;0.5256
19/08/2022;0.6914;62.8;4.7062;94.17;0.6857;916.24;0.5803;0.9586;55.14;24.68;1.1084;20.76;3.096;10270;16181;5.4251;0.8961;0.6627;0.525
22/08/2022;0.6892;62.9;4.7055;94.62;0.6869;923.34;0.5828;0.9606;55.04;24.82;1.1123;20.74;3.089;10252;16131;5.4079;0.8957;0.6613;0.5265
23/08/2022;0.6877;63;4.7145;94.43;0.6932;923.84;0.5854;0.9615;54.94;24.94;1.1135;20.76;3.0861;10249;16107;5.3962;0.8969;0.6634;0.5265
24/08/2022;0.6905;63.2;4.7397;94.36;0.6945;926.72;0.5847;0.963;55.09;24.98;1.116;20.89;3.0986;10264;16195;5.4166;0.8963;0.6667;0.5302
25/08/2022;0.6955;63.5;4.7653;95.08;0.6959;930.13;0.5879;0.9676;55.55;24.98;1.1185;21.02;3.1124;10313;16289;5.4564;0.9005;0.6705;0.5341
26/08/2022;0.6957;63.6;4.7728;95.22;0.6985;927.26;0.5894;0.9683;55.59;25;1.1225;21;3.1126;10305;16295;5.4583;0.9011;0.6707;0.5329
29/08/2022;0.6858;63.2;4.7453;95.2;0.6912;925.51;0.588;0.9596;54.89;24.98;1.1228;20.85;3.0786;10213;16055;5.3824;0.896;0.665;0.5249
30/08/2022;0.6905;63.5;4.7765;95.62;0.6904;930.47;0.5898;0.9641;55.07;25.13;1.1224;21.02;3.0962;10263;16180;5.419;0.8979;0.6678;0.5304
31/08/2022;0.6902;63.3;4.7571;95.55;0.6875;924.63;0.5905;0.9627;54.84;25.12;1.1219;20.94;3.0893;10245;16189;5.4162;0.9019;0.6715;0.5292
01/09/2022;0.6834;62.9;4.717;95.22;0.6822;924.35;0.5897;0.9572;54.24;25.08;1.1209;20.84;3.0644;10169;16026;5.3641;0.8994;0.6696;0.5251
02/09/2022;0.679;62.6;4.6872;95.29;0.681;922.79;0.588;0.9522;54.16;25.01;1.1208;20.78;3.0446;10116;15923;5.3293;0.8936;0.666;0.5215
05/09/2022;0.6785;62.8;4.7076;95.23;0.6863;932.26;0.5924;0.9536;54.2;24.95;1.1149;20.88;3.0451;10125;15968;5.3257;0.8927;0.6666;0.5218
06/09/2022;0.68;62.9;4.7193;95.92;0.6829;934.86;0.5871;0.9546;54.32;24.8;1.1146;20.94;3.0546;10120;16004;5.3375;0.8922;0.6657;0.523
07/09/2022;0.6711;62.5;4.6776;96.74;0.6784;930.24;0.5846;0.9458;53.65;24.66;1.1165;20.76;3.0223;10016;15838;5.2679;0.8848;0.6612;0.5181
08/09/2022;0.6741;62.6;4.6944;96.91;0.6742;931.02;0.5855;0.947;53.75;24.57;1.1127;20.83;3.0335;10049;15865;5.2913;0.8846;0.6581;0.5222
09/09/2022;0.6828;63.1;4.7373;97.61;0.6782;942.78;0.5892;0.9555;54.37;24.85;1.119;21.11;3.0706;10140;16097;5.359;0.8896;0.6592;0.5263
12/09/2022;0.6843;63.2;4.7398;98.03;0.6781;944.85;0.5885;0.9569;54.52;24.94;1.1196;21.16;3.0814;10157;16098;5.3713;0.8912;0.6567;0.5254
13/09/2022;0.6874;63.4;4.7579;97.89;0.678;944.89;0.5881;0.9593;54.39;24.95;1.1216;21.24;3.0981;10218;16184;5.3953;0.8931;0.6539;0.5268
14/09/2022;0.6724;62.5;4.6817;96.72;0.6735;935.56;0.5843;0.945;53.5;24.67;1.1214;20.92;3.0433;10029;15861;5.2779;0.8862;0.6463;0.5145
15/09/2022;0.6748;62.7;4.7034;96.9;0.6774;940.74;0.5862;0.9491;53.69;24.81;1.1243;21.01;3.0589;10049;15929;5.2956;0.8895;0.6502;0.5201
16/09/2022;0.6702;62.5;4.7023;96.21;0.6713;935.95;0.5852;0.9448;53.5;24.85;1.123;21.01;3.0395;10009;15852;5.2603;0.8884;0.6458;0.5176
19/09/2022;0.6694;62.4;4.6951;95.89;0.6707;932.4;0.5875;0.9431;53.31;24.71;1.1224;21.05;3.0428;10028;15845;5.2543;0.8899;0.6477;0.5172
20/09/2022;0.672;62.7;4.7121;96.28;0.6709;933.96;0.5882;0.946;53.53;24.82;1.1326;21.08;3.061;10067;15906;5.2746;0.8907;0.6492;0.5193
21/09/2022;0.6667;62.4;4.6968;95.98;0.67;929.94;0.5865;0.942;53.26;24.79;1.1329;20.94;3.0445;10009;15797;5.2333;0.8917;0.6433;0.5148
23/09/2022;0.6624;62.3;4.6995;94.14;0.6739;933.75;0.5893;0.9404;53.57;24.71;1.1358;20.98;3.0282;9957;15704;5.1995;0.8933;0.6483;0.5142
26/09/2022;0.6497;61.9;4.654;93.45;0.6747;930.89;0.6148;0.9327;52.99;24.6;1.1366;20.74;2.9873;9826;15415;5.1;0.8852;0.6395;0.5076
27/09/2022;0.6501;61.8;4.6526;93.87;0.6734;926.26;0.6012;0.9328;52.88;24.65;1.1397;20.65;2.9965;9854;15430;5.1032;0.8884;0.6433;0.5111
28/09/2022;0.6386;61.2;4.6152;92.36;0.6681;920.27;0.5978;0.9232;52.29;24.35;1.142;20.36;2.9503;9741;15165;5.0129;0.8795;0.6354;0.5021
29/09/2022;0.6466;61.8;4.654;93.53;0.669;930.2;0.6;0.9321;52.9;24.73;1.1402;20.59;3.0041;9863;15370;5.0757;0.8855;0.6346;0.5104
30/09/2022;0.6502;61.5;4.608;93.95;0.6618;929.66;0.5835;0.9307;53.02;24.56;1.1363;20.61;3.0156;9903;15520;5.1039;0.8908;0.6341;0.5096
04/10/2022;0.6474;61.3;4.6069;93.74;0.6585;924.68;0.5719;0.926;52.72;24.45;1.1366;20.56;3.0091;9886;15465;5.0821;0.8809;0.6418;0.5055
05/10/2022;0.6489;61.2;4.6176;93.52;0.651;922.15;0.5676;0.9242;52.9;24.28;1.1315;20.49;3.0096;9867;15486;5.0937;0.8784;0.6361;0.5037
06/10/2022;0.6535;61.6;4.6503;94.44;0.6588;914.05;0.575;0.9286;53.33;24.3;1.1265;20.57;3.0264;9927;15606;5.1299;0.8868;0.6409;0.5066
07/10/2022;0.6405;60.7;4.5578;92.88;0.6541;904.23;0.5742;0.916;52.76;23.99;1.1338;20.26;2.979;9766;15295;5.0279;0.8806;0.6342;0.4976
10/10/2022;0.6335;60.1;4.506;92.14;0.6503;895.01;0.5717;0.9084;52.2;23.91;1.1315;20.07;2.9459;9691;15127;4.9729;0.87;0.6298;0.4939
11/10/2022;0.625;59.8;4.4961;91.11;0.646;898.06;0.5669;0.9004;51.5;23.87;1.1273;19.94;2.92;9608;14949;4.9063;0.8653;0.6262;0.4873
12/10/2022;0.6271;59.8;4.4942;91.69;0.6455;895.11;0.5703;0.9018;51.53;23.92;1.1212;19.99;2.938;9644;15012;4.9227;0.8656;0.625;0.4913
13/10/2022;0.6275;59.9;4.5075;92.14;0.6466;896.09;0.5658;0.8999;51.66;23.9;1.1177;20.01;2.9425;9634;15113;4.9256;0.8673;0.6261;0.4918
14/10/2022;0.6327;60.3;4.5394;93.29;0.6469;903.74;0.5589;0.9003;52.1;24.09;1.1174;20.18;2.9737;9737;15282;4.9666;0.8684;0.6323;0.4957
17/10/2022;0.623;59.6;4.4861;92.7;0.6398;894.64;0.555;0.889;51.33;23.81;1.1165;19.97;2.9381;9646;15164;4.8906;0.8619;0.6254;0.4881
18/10/2022;0.6322;60.3;4.5477;94.07;0.6414;898.24;0.5551;0.8963;51.89;24;1.1095;20.21;2.9792;9773;15404;4.9626;0.8643;0.628;0.4952
19/10/2022;0.6312;60.3;4.5563;94.24;0.6414;897.88;0.5573;0.8969;51.99;24.02;1.1087;20.21;2.9799;9774;15471;4.9549;0.8678;0.6282;0.4936
20/10/2022;0.6254;60;4.5183;93.75;0.6397;894.58;0.5573;0.8914;52;23.9;1.1077;20.09;2.9561;9735;15341;4.9087;0.8614;0.6285;0.4901
21/10/2022;0.6265;60.2;4.5397;94.22;0.6412;901.5;0.5595;0.8938;51.84;24.03;1.1077;20.16;2.968;9783;15475;4.9178;0.8634;0.6303;0.4907
24/10/2022;0.6346;60.8;4.6021;94.49;0.6445;911.26;0.5592;0.8998;52.48;24.35;1.1046;20.44;3.0072;9885;15773;4.9812;0.8681;0.6333;0.4986
25/10/2022;0.6325;60.8;4.6211;94.18;0.6403;907.13;0.5598;0.8994;52.34;24.21;1.1073;20.47;2.9987;9876;15720;4.9649;0.8668;0.6328;0.4952
26/10/2022;0.6403;61.3;4.6661;94.93;0.6432;913.71;0.5591;0.9065;52.83;24.33;1.1141;20.66;3.0267;9989;15909;5.0262;0.871;0.6369;0.501
27/10/2022;0.6511;61.8;4.6996;94.94;0.6465;924.08;0.5601;0.9149;53.58;24.55;1.1109;20.83;3.0679;10138;16157;5.1101;0.8821;0.6421;0.5045
28/10/2022;0.6469;61.5;4.6751;94.64;0.6479;917.47;0.559;0.9104;53.27;24.39;1.1032;20.78;3.0543;10046;16063;5.0764;0.8756;0.6399;0.5013
31/10/2022;0.642;61.3;4.6649;94.99;0.6446;913.26;0.5535;0.9062;52.91;24.38;1.1025;20.71;3.0351;10013;15954;5.0394;0.8741;0.6399;0.4995
01/11/2022;0.6423;61.5;4.6923;95.32;0.6485;912.64;0.5582;0.9079;53.13;24.38;1.097;20.71;3.04;10039;15955;5.0417;0.8725;0.6426;0.5005
02/11/2022;0.6412;61.3;4.6645;94.65;0.6489;909.48;0.5573;0.9061;53.03;24.17;1.094;20.62;3.0399;10034;15927;5.0334;0.8724;0.6404;0.4987
03/11/2022;0.6369;61;4.6526;93.79;0.6476;904.13;0.5578;0.9019;52.75;24.09;1.0917;20.52;3.0221;9988;15837;4.9996;0.8719;0.638;0.4963
04/11/2022;0.6348;60.7;4.599;93.87;0.6487;900.12;0.565;0.8983;52.39;23.87;1.0911;20.4;3.0131;9979;15790;4.9831;0.868;0.6404;0.4986
07/11/2022;0.643;61.2;4.6378;94.65;0.6469;902.3;0.5675;0.9048;52.82;24.04;1.0908;20.61;3.0504;10091;15993;5.0475;0.8697;0.6404;0.503
08/11/2022;0.6464;61.4;4.6813;94.83;0.6459;896.74;0.5625;0.9072;52.95;24.16;1.0902;20.68;3.0662;10137;16077;5.0742;0.8734;0.6408;0.5021
09/11/2022;0.65;61.6;4.7103;94.63;0.6455;887.28;0.5631;0.9094;53.03;23.93;1.0934;20.68;3.0657;10172;16164;5.1021;0.8735;0.6413;0.5047
10/11/2022;0.6419;61;4.6601;93.84;0.64;880.22;0.5629;0.8996;52.37;23.64;1.0932;20.38;3.019;10080;15963;5.0387;0.8686;0.6312;0.4975
11/11/2022;0.6621;61.9;4.7447;93.85;0.6495;877.95;0.5669;0.9161;53.5;23.85;1.0997;20.76;3.0735;10268;16450;5.1923;0.8825;0.6396;0.5152
14/11/2022;0.6682;61.8;4.7133;93.12;0.6479;885.06;0.568;0.918;54.17;23.9;1.0968;20.71;3.064;10356;16541;5.2376;0.8864;0.6327;0.5104
15/11/2022;0.6696;62;4.7194;94.01;0.6487;885.41;0.5692;0.9194;54.5;23.93;1.097;20.8;3.0718;10428;16599;5.246;0.8914;0.6327;0.5116
16/11/2022;0.6744;62.5;4.7801;94.45;0.6518;897.96;0.5697;0.9268;54.93;24.12;1.0986;21.04;3.0635;10537;16718;5.2781;0.8971;0.6381;0.5125
17/11/2022;0.6708;62.4;4.7856;93.6;0.6468;901.49;0.5643;0.9214;54.7;24.08;1.095;20.9;3.0531;10527;16636;5.2504;0.8961;0.635;0.51
18/11/2022;0.6704;62.3;4.7785;93.78;0.6468;899.05;0.5637;0.9211;54.74;24.03;1.0892;20.87;3.0527;10521;16628;5.2445;0.8932;0.6385;0.5115
21/11/2022;0.6645;62;4.7578;93.32;0.6463;900.47;0.5615;0.9161;54.4;23.97;1.0837;20.73;3.0321;10441;16495;5.1931;0.8915;0.6351;0.5063
22/11/2022;0.6624;61.9;4.7376;93.86;0.6456;896.02;0.5587;0.9142;54.15;23.96;1.0811;20.65;3.0325;10408;16463;5.1728;0.8895;0.6337;0.5079
23/11/2022;0.6639;62;4.751;93.9;0.6435;899.49;0.5589;0.9162;54.29;24.02;1.0776;20.72;3.0357;10427;16497;5.1901;0.8888;0.6318;0.5079
24/11/2022;0.6767;62.7;4.829;93.88;0.6477;897.44;0.5588;0.9293;55.26;24.31;1.081;20.94;3.0509;10586;16813;5.2847;0.9022;0.6356;0.517
25/11/2022;0.6775;62.7;4.8504;93.8;0.6501;894.64;0.5589;0.9291;55.23;24.12;1.0799;20.87;3.0179;10614;16775;5.2914;0.9025;0.639;0.5176
28/11/2022;0.6693;62.3;4.8196;92.7;0.6459;896.2;0.5552;0.922;54.68;23.91;1.0771;20.75;3.001;10529;16599;5.2329;0.8996;0.6336;0.5113
29/11/2022;0.6706;62.2;4.8028;92.86;0.6452;888.78;0.5579;0.9211;54.74;23.87;1.0799;20.73;3.0227;10551;16604;5.2381;0.9007;0.6345;0.5091
30/11/2022;0.6698;62.1;4.7835;92.81;0.6468;883.16;0.5588;0.9184;54.66;23.67;1.0765;20.65;2.9977;10541;16511;5.2297;0.9091;0.6377;0.5097
01/12/2022;0.6809;62.5;4.8105;93.08;0.6523;887.44;0.5629;0.9253;55.24;23.82;1.0764;20.84;3.0011;10647;16696;5.308;0.9136;0.6422;0.5178
02/12/2022;0.6813;62.3;4.8057;92.04;0.6476;885.85;0.5563;0.9216;55.31;23.7;1.0679;20.81;2.9953;10518;16617;5.3034;0.9155;0.6388;0.5158
05/12/2022;0.6841;62;4.7581;91.88;0.6466;883.21;0.5543;0.9201;55.71;23.79;1.0638;20.82;2.9871;10552;16367;5.3143;0.9167;0.6395;0.515
06/12/2022;0.6731;61.5;4.6978;92.13;0.6415;883.61;0.5521;0.9127;55.39;23.57;1.0637;20.6;2.9492;10492;16154;5.231;0.9151;0.6346;0.506
07/12/2022;0.6692;61.2;4.673;91.97;0.6396;880.55;0.5516;0.9093;55.19;23.44;1.0589;20.52;2.9485;10443;15970;5.2099;0.9132;0.6307;0.5046
08/12/2022;0.6716;61.3;4.6843;91.98;0.6395;887.22;0.5511;0.9118;55.27;23.36;1.057;20.59;2.9591;10497;16001;5.2314;0.9186;0.6325;0.5073
09/12/2022;0.6792;61.8;4.7268;92.38;0.6421;883.54;0.5535;0.917;55.82;23.63;1.0603;20.8;2.9875;10585;16016;5.291;0.9231;0.6342;0.5125
12/12/2022;0.6779;61.9;4.7307;92.82;0.6446;887.56;0.5542;0.9186;56.02;23.59;1.0599;20.82;2.9953;10604;15981;5.2729;0.9257;0.6345;0.5101
13/12/2022;0.6755;61.7;4.715;93.01;0.6408;880.15;0.5506;0.9151;55.84;23.52;1.0583;20.74;2.9965;10580;15945;5.2503;0.9207;0.6324;0.5086
14/12/2022;0.6837;62.1;4.7584;92.68;0.6435;885.72;0.5537;0.9218;56.5;23.66;1.0613;20.88;3.0185;10699;16070;5.3162;0.9276;0.6353;0.5154
15/12/2022;0.6824;62;4.7497;92.63;0.6408;887.95;0.5512;0.921;56.34;23.73;1.0603;20.89;3.0077;10665;16050;5.3072;0.9255;0.632;0.5116
16/12/2022;0.6706;61.2;4.6761;91.99;0.6299;878.33;0.549;0.9097;55.57;23.44;1.0544;20.63;2.9674;10478;15796;5.2154;0.9147;0.6214;0.5039
